Mã Sản Phẩm,Tên sản phẩm,Bán chạy,Danh mục,Thể Loại,Đơn vị,Kích thước,Chieu_Dai_Max (mm),Chieu_Rong_Max (mm),Chieu_Cao_Max (mm),Kich_Thuoc_Hop_Tho (mm),Khối lượng (m3),Trọng lượng (tấn),Đá xanh đen,Đá xanh rêu,Đá xám BĐ,Đá GRN đen Ấn Độ,Ghi chú,Đá xanh Bình Định,Đá trắng Yên Bái,Có ảnh
BL01,BÀN LỄ,,An Tâm,Tam sơn,bộ,KT: D870xR400XC680mm,870,400,680,,0.156,0.468,6656000,8736000,9865000,21106000,,10782000,7488000,TRUE
BL09,BÀN LỄ,,An Tâm,Tam sơn,bộ,KT: D890xR480xC670mm,890,480,670,,0.175,0.525,7467000,9800000,11066000,23676000,,12096000,8400000,TRUE
CT01,Cuốn thư 1170,Bán chạy,An Tâm,Cuốn thư,bộ,Thân cuốn thư: 710x1070x140mm Đế cuốn thư: 1170x210x270mm,,,,,0.173,0.519,7381000,9688000,10940000,23406000,,11957000,8304000,TRUE
CT02,Cuốn thư 1370,Bán chạy,Trường Tồn,Cuốn thư,bộ,Thân cuốn thư: 834x1255x150mm Đế cuốn thư: 1370x247x300mm,,,,,0.258,0.774,12141000,15935000,17610000,36517000,,19248000,13659000,TRUE
CT03,Cuốn thư 1200,,Trường Tồn,Cuốn thư,bộ,đế cuốn thư 2550,,,,,0.8,2.400,37647000,49412000,54603000,113231000,,59683000,42353000,TRUE
CT04,Cuốn thư cột 1670,,Trường Tồn,Cuốn thư,bộ,Thân cuốn thư: 1210x780x150 mm Đế cuốn thư: 1130x250x250mm Cột: 170x170x1180mm,,,,,0.365,1.095,17176000,22544000,24913000,51662000,,27230000,19324000,TRUE
CT05,Cuốn thư cột 1970,Bán chạy,Trường Tồn,Cuốn thư,bộ,Thân cuốn thư: 1450x970x150 mm Đế cuốn thư: 1400x250x250mm Cột: 200x200x1260mm,,,,,0.499,1.497,23482000,30821000,34059000,70628000,,37227000,26418000,TRUE
CT08,Cuốn thư cột 2170,,Trường Tồn,Cuốn thư,bộ,Thân cuốn thư: 1650x1200x150 mm Đế cuốn thư: 1600x250x250mm Cột: 200x200x1460mm,,,,,0.618,1.854,29082000,38171000,42181000,87471000,,46105000,32718000,TRUE
CT14,CUỐN THƯ 1370,,Trường Tồn,Cuốn thư,bộ,Thân cuốn thư: 834x1255x150mm Đế cuốn thư: 1370x247x300mm,,,,,0.258,0.774,12141000,15935000,17610000,36517000,,19248000,13659000,TRUE
CT15,CUỐN THƯ 1200,,An Tâm,Cuốn thư,bộ,Thân cuốn thư: 1000x600x100mm Đế cuốn thư: 1200x300x160mm,,,,,0.118,0.354,5035000,6608000,7462000,15965000,,8156000,5664000,TRUE
CT17,Cuốn thư cột 1650,,Trường Tồn,Cuốn thư,bộ,Thân cuốn thư: 1190x780x150 mm Đế cuốn thư: 1110x250x250mm Cột: 170x170x1180mm,,,,,0.361,1.083,16988000,22297000,24640000,51095000,,26932000,19112000,TRUE
CT19,Cuốn thư cột 1650,,Trường Tồn,Cuốn thư,bộ,Thân cuốn thư: 1190x780x150 mm Đế cuốn thư: 1110x250x250mm Cột: 170x170x1180mm,,,,,0.361,1.083,16988000,22297000,24640000,51095000,,26932000,19112000,TRUE
HR01,Hàng rào 81,Bán chạy,An Tâm,Hàng rào,md,Vách dày 60mm Tay vịn dày 120mm Không có con kê,,,,,0.0715,0.215,3051000,4004000,4521000,9674000,,4942000,3432000,TRUE
HR02,Hàng rào 94,Bán chạy,Trường Tồn,Hàng rào,md,Vách dày 80mm Tay vịn dày 120mm,,,,,0.085,0.255,4000000,5250000,5802000,12031000,,6341000,4500000,TRUE
HR03,Hàng rào 94,,Trường Tồn,Hàng rào,md,Vách dày 80mm Có triện,,,,,0.085,0.255,4000000,5250000,5802000,12031000,,6341000,4500000,TRUE
HR04,Hàng rào 94,Bán chạy,Trường Tồn,Hàng rào,md,Vách dày 80mm Có triện,,,,,0.085,0.255,4000000,5250000,5802000,12031000,,6341000,4500000,TRUE
HR05,Hàng rào 68,,An Tâm,Hàng rào,md,Vách dày 60mm,,,,,0.067,0.201,2859000,3752000,4237000,9065000,,4631000,3216000,TRUE
HR06,Hàng rào 81,Bán chạy,Trường Tồn,Hàng rào,md,Vách dày 60mm,,,,,0.072,0.216,3388000,4447000,4914000,10191000,,5371000,3812000,TRUE
HR07,Hàng rào 94,Bán chạy,Trường Tồn,Hàng rào,md,Vách dày 80mm Có triện,,,,,0.085,0.255,4000000,5250000,5802000,12031000,,6341000,4500000,TRUE
HR09,Hàng rào 800,,An Tâm,Hàng rào,md,Cao 800mm,,,800,,0.08,0.240,3413000,4480000,5059000,10824000,,5529000,3840000,TRUE
LD01,Long đình,Bán chạy,An Tâm,Long đình,bộ,- Chiều dài tổng: 5200mm - Hộp thờ: 790mm - Chiều cao tổng: 2830mm,5200,,2830,790,1.883,5.649,80341000,105448000,119072000,254759000,Long Đình 2 mái 4 cánh,130149000,90384000,TRUE
LD02,Long đình,Bán chạy,Trường Tồn,Long đình,bộ,- Chiều dài tổng: 5400mm - Chiều rộng tổng: 1070mm - Chiều cao tổng: 3354mm - Hộp thờ: 1215mm,5400,1070,3354,1215,3.817,11.451,179624000,235756000,260525000,540252000,Long Đình 2 mái 4 cánh,284760000,202076000,TRUE
LD03,Long đình,Bán chạy,Trường Tồn,Long đình,bộ,- Chiều dài tổng: 5530mm - Hộp thờ: 770mm - Chiều cao tổng: 3045mm,5530,,3045,770,2.96,8.880,139294000,182824000,202032000,418954000,Long Đình 2 mái 4 cánh,220825000,156706000,TRUE
LD04,Long đình,Bán chạy,Trường Tồn,Long đình,bộ,- Chiều dài tổng: 5530mm - Hộp thờ: 770mm - Chiều cao tổng: 3260mm,5530,,3260,770,3.368,10.104,158494000,208024000,229879000,476702000,Long Đình 3 mái 4 cánh,251263000,178306000,TRUE
LD05,Long đình,,An Tâm,Long đình,bộ,- Chiều dài tổng: 2925mm - Hộp thờ: 790mm - Chiều cao tổng: 2840mm,2925,,2840,790,1.6,4.800,68267000,89600000,101176000,216471000,Long Đình 2 mái 2 cánh,110588000,76800000,TRUE
LD06,Long đình,Bán chạy,Trường Tồn,Long đình,bộ,- Chiều dài tổng: 5530mm - Hộp thờ: 870mm - Chiều cao tổng: 3165mm,5530,,3165,870,3.315,9.945,156000000,204750000,226262000,469200000,"Long Đình 2 mái 4 cánh
Cột góc to",247310000,175500000,TRUE
LD07,Long đình,Bán chạy,Trường Tồn,Long đình,bộ,- Chiều dài tổng: 3200mm - Hộp thờ: 770mm - Chiều cao tổng: 3050mm,3200,,3050,770,2.501,7.503,117694000,154474000,170703000,353988000,Long Đình 2 mái 2 cành,186583000,132406000,TRUE
LD10,Long đình,,Trường Tồn,Long đình,bộ,- Chiều dài tổng: 4270mm - Hộp thờ: 870mm - Chiều cao tổng: 3380mm,4270,,3380,870,3.319,9.957,156188000,204997000,226535000,469766000,Long Đình 3 mái 4 cành,247608000,175712000,TRUE
LD12,Long đình đơn,Bán chạy,Trường Tồn,Long đình,bộ,- Chiều dài tổng: 1950mm - Hộp thờ: 770mm - Chiều cao tổng: 2750mm,1950,,2750,770,1.654,4.962,77835000,102159000,112892000,234105000,Long Đình 2 mái 2 cành,123394000,87565000,TRUE
LD13,Long đình,,Trường Tồn,Long đình,bộ,- Chiều dài tổng: 5000mm - Hộp thờ: 865mm - Chiều cao tổng: 3200mm,5000,,3200,865,3.25,9.750,152941000,200735000,221825000,460000000,Long Đình 2 mái 4 cánh,242460000,172059000,TRUE
LD14,Long đình,Bán chạy,Trường Tồn,Long đình,bộ,- Chiều dài tổng: 7000mm - Hộp thờ: 770mm - Chiều cao tổng: 3400mm,7000,,3400,770,3.316,9.948,156047000,204812000,226330000,469342000,Long Đình 3 mái 6 cành,247384000,175553000,TRUE
LD16,Long đình,,An Tâm,Long đình,bộ,- Chiều dài tổng: 5200mm - Hộp thờ: 730mm - Chiều cao tổng: 2960mm,5200,,2960,730,2.34,7.020,99840000,131040000,147971000,316588000,Long Đình 2 mái 4 cánh,161735000,112320000,TRUE
LD18,Long đình,Bán chạy,Trường Tồn,Long đình,bộ,- Chiều dài tổng: 6770mm - Hộp thờ: 1300mm - Chiều cao tổng: 3000mm,6770,,3000,1300,3.376,10.128,158871000,208518000,230425000,477834000,Long Đình 1 mái 4 cành,251860000,178729000,TRUE
LD19,Long đình,Bán chạy,Trường Tồn,Long đình,bộ,- Chiều dài tổng: 5000mm - Hộp thờ: 850mm - Chiều cao tổng: 3130mm,5000,,3130,850,2.72,8.160,128000000,168000000,185651000,384985000,,202921000,144000000,TRUE
LD22,Long đình,,An Tâm,Long đình,bộ,- Chiều dài tổng: 5530mm - Hộp thờ: 890mm - Chiều cao tổng: 3460mm,5530,,3460,890,2.67,8.010,113920000,149520000,168838000,361235000,Long Đình 3 mái 4 cánh,184544000,128160000,TRUE
LD23,Long đình,,An Tâm,Long đình,bộ,- Chiều dài tổng: 5530mm - Hộp thờ: 890mm - Chiều cao tổng: 3460mm,5530,,3460,890,2.619,7.857,111744000,146664000,165613000,354335000,Long Đình 3 mái 4 cánh,181019000,125712000,TRUE
LD24,Long đình,,An Tâm,Long đình,bộ,- Chiều dài tổng: 1470mm - Hộp thờ: 770mm - Chiều cao tổng: 3400mm,1470,,3400,770,1.868,5.604,79701000,104608000,118124000,252729000,,129112000,89664000,TRUE
LD25,Long đình,,An Tâm,Long đình,bộ,KT: 3200mm,3200,,,,2.2,6.600,93867000,123200000,139118000,297647000,,152059000,105600000,TRUE
LD26,Long đình,,Trường Tồn,Long đình,bộ,,,,,,2.9,8.700,136471000,179118000,197937000,410462000,,216349000,153529000,TRUE
LD27,Long đình,,Trường Tồn,Long đình,bộ,,,,,,2.083,6.249,98024000,128656000,142173000,294825000,,155398000,110276000,TRUE
LT01,Lầu thờ,,Trường Tồn,Long đình,bộ,- Chiều dài tổng: 4600mm - Hộp thờ: 1580mm - Chiều cao tổng: 3700mm,4600,,3700,1580,3.904,11.712,183718000,241129000,266463000,552566000,Lầu thờ 2 mái 2 cánh,291251000,206682000,TRUE
LT02,Lầu thờ,,Trường Tồn,Long đình,bộ,- Chiều dài tổng: 8290mm - Hộp thờ: 1580mm - Chiều cao tổng: 3360mm,8290,,3360,1580,5.323,15.969,250494000,328774000,363316000,753409000,Lầu thờ 2 mái 4 cánh,397113000,281806000,TRUE
M01,Mộ 2 cấp - KT: 1270x790x760mm,Bán chạy,An Tâm,Mộ,ngôi,KT: D1270xR790xC760mm,1270,790,760,,0.251,0.753,10709000,14056000,15872000,33959000,"Đế ghép từ 4 khối 
Nắp mộ liền khối. bia liền khối",17349000,12048000,TRUE
M02,Mộ 3 cấp - KT: 1070x690x750mm,,An Tâm,Mộ,ngôi,KT: D1070xR690xC750mm,1070,690,750,,0.247,0.741,10539000,13832000,15619000,33418000,"Đế 1, đế 2 liền khối.
Nắp mộ liền khối",17072000,11856000,TRUE
M04,Mộ 2 cấp - KT: 870x470x305mm,,An Tâm,Mộ,ngôi,KT: D870xR470xC305mm,870,470,305,,0.077,0.231,3285000,4312000,4869000,10418000,"Đế mộ liền khối
 Nắp mộ liền khối",5322000,3696000,TRUE
M06,Mộ 2 cấp - KT: 1270x890x690mm,,Trường Tồn,Mộ,ngôi,KT: D1270xR890xC690mm,1270,890,690,,0.264,0.792,12424000,16306000,18019000,37366000,"Đế ghép từ 4 khối 
Nắp mộ liền khối.",19695000,13976000,TRUE
M08,Mộ 3 cấp - KT: 1470x970x1050mm,Bán chạy,Trường Tồn,Mộ,ngôi,KT: D1470xR970xC1050mm,1470,970,1050,,0.688,2.064,32376000,42494000,46959000,97378000,liền khối các thớt,51327000,36424000,TRUE
M10,Mộ 3 cấp - KT: 1270x790x710mm,Bán chạy,Trường Tồn,Mộ,ngôi,KT: D1270xR790xC710mm,1270,790,710,,0.259,0.777,12188000,15997000,17678000,36658000,"Đế 1-Đế 2 ghép từ 4 khối, Nắp mộ liền khối.",19322000,13712000,TRUE
M12,Mộ 3 cấp - KT: 1270x810x870mm,,Trường Tồn,Mộ,ngôi,KT: D1270xR810xC870mm,1270,810,870,,0.345,1.035,16235000,21309000,23548000,48831000,"Đế 1-Đế 2 ghép từ 4 khối, Nắp mộ liền khối.",25738000,18265000,TRUE
M15,Mộ 3 cấp - KT: 2370x1170x1330mm,,Trường Tồn,Mộ,ngôi,KT: D2370xR1170xC1330mm,2370,1170,1330,,0.92,2.760,43294000,56824000,62794000,130215000,"Đế 1  ghép từ 4 khối -Đế 2 ghép từ 3 khối, Nắp mộ liền khối.",68635000,48706000,TRUE
M16,Mộ 3 cấp - KT: 1270x810x930mm,,Trường Tồn,Mộ,ngôi,KT: D1270xR810xC930mm,1270,810,930,,0.296,0.888,13929000,18282000,20203000,41895000,"Đế 1  ghép từ 4 khối -Đế 2 ghép từ 3 khối, Nắp mộ liền khối.",22083000,15671000,TRUE
M18,Mộ 3 cấp - KT: 1710x1460x1130mm,Bán chạy,Trường Tồn,Mộ,ngôi,KT: D1710xR1460xC1130mm,1710,1460,1130,,1.326,3.978,62400000,81900000,90505000,187680000,"phần thân mộ liền 1 khối. bia ghép
với tay ngai và cột. mộ đá granite đen
ấn độ",98924000,70200000,TRUE
M19,Mộ 3 cấp - KT: 1270x810x890mm,,Trường Tồn,Mộ,ngôi,KT: D1270xR810xC890mm,1270,810,890,,0.273,0.819,12847000,16862000,18633000,38640000,"Đế 1  ghép từ 4 khối -Đế 2 ghép từ 4 khối, Nắp mộ liền khối.",20367000,14453000,TRUE
M20,Mộ 3 cấp - KT: 1470x970x1370mm,Bán chạy,Trường Tồn,Mộ,ngôi,KT: D1470xR970xC1370mm,1470,970,1370,,0.735,2.205,34588000,45397000,50167000,104031000,liền khối các thớt,54833000,38912000,TRUE
M21,Mộ 2 cấp - KT: 1450x870x790mm,,Trường Tồn,Mộ,ngôi,KT: D1450xR870xC970mm,1450,870,970,,0.311,0.933,14635000,19209000,21227000,44018000,"Đế mộ ghép 4 khối
 Nắp mộ liền khối",23202000,16465000,TRUE
M25,Mộ 3 cấp - KT: 1270x810x950mm,,An Tâm,Mộ,ngôi,KT: D1270xR810xC950mm,1270,810,950,,0.294,0.882,12544000,16464000,18591000,39776000,"Đế 1 và đế 2 ghép từ 4 khối.
Nắp mộ liền khối",20321000,14112000,TRUE
M26,Mộ 3 cấp - KT: 2350X1330X810mm,,An Tâm,Mộ,ngôi,KT: D2350XR1330XC810mm,2350,1330,810,,0.84,2.520,35840000,47040000,53118000,113647000,"Đế 1 và đế 2 ghép từ 4 khối.
Nắp mộ liền khối",58059000,40320000,TRUE
M27,Mộ 2 cấp - KT: 1270X810X860mm,,Trường Tồn,Mộ,ngôi,KT: D1270XR810XC860mm,1270,810,860,,0.254,0.762,11953000,15688000,17337000,35951000,liền khối các thớt,18949000,13447000,TRUE
M28,Mộ 3 cấp - KT: 2350X1330X470mm,,An Tâm,Mộ,ngôi,KT: D2350XR1330XC810mm,2350,1330,810,,0.793,2.379,33835000,44408000,50146000,107288000,"Đế 1 và đế 2 ghép từ 4 khối.
Nắp mộ liền khối",54810000,38064000,TRUE
M29,Mộ KT: 2120X1160X1250mm,,An Tâm,Mộ,ngôi,KT: D2120XR1160XC1250mm,2120,1160,1250,,0.479,1.437,20437000,26824000,30290000,64806000,liền khối các thớt,33107000,22992000,TRUE
M30,Mộ 3 cấp - KT: 1270X810X660mm,,Trường Tồn,Mộ,ngôi,KT: D1270XR810XC660mm,1270,810,660,,0.273,0.819,12847000,16862000,18633000,38640000,liền khối các thớt,20367000,14453000,TRUE
M31,Mộ 3 cấp - KT: 1270X810X660mm,,Trường Tồn,Mộ,ngôi,KT: D1270XR810XC660mm,1270,810,660,,0.26,0.780,12235000,16059000,17746000,36800000,liền khối các thớt,19397000,13765000,TRUE
M32,Mộ 3 cấp - KT: 1270X810X890mm,,An Tâm,Mộ,ngôi,KT: D1270xR810xC890mm,1270,810,890,,0.323,0.969,13781000,18088000,20425000,43700000,liền khối các thớt,22325000,15504000,TRUE
M33,Mộ 2 cấp - KT: 1070X690X560mm,,An Tâm,Mộ,ngôi,KT: D1070xR690xC560mm,1070,690,560,,0.174,0.522,7424000,9744000,11003000,23541000,liền khối các thớt,12026000,8352000,TRUE
M34,Mộ 3 cấp - KT: 1270x810x890mm,,An Tâm,Mộ,ngôi,KT: D1270xR810xC890mm,1270,810,890,,0.365,1.095,15573000,20440000,23081000,49382000,liền khối các thớt,25228000,17520000,TRUE
M35,Mộ 3 cấp - KT: 1270x810x970mm,,An Tâm,Mộ,ngôi,KT: D1270xR810xC970mm,1270,810,970,,0.353,1.059,15061000,19768000,22322000,47759000,liền khối các thớt,24399000,16944000,TRUE
M36,Mộ 3 cấp - KT: 1270x810x870mm,,An Tâm,Mộ,ngôi,KT: D1270xR810xC870mm,1270,810,870,,0.318,0.954,13568000,17808000,20109000,43024000,liền khối các thớt,21979000,15264000,TRUE
M38,Mộ 3 cấp - KT: 1270x810x950mm,,An Tâm,Mộ,ngôi,KT: D1270xR810xC950mm,1270,810,950,,0.3,0.900,12800000,16800000,18971000,40588000,Đế 1-Đế 2 ghép từ 4 khối,20735000,14400000,TRUE
M39,Mộ mái - KT: 1370x970x1390mm,,Trường Tồn,Mộ,ngôi,KT: D1370xR970xC1390mm,1370,970,1390,,1.034,3.102,48659000,63865000,70575000,146351000,,77140000,54741000,TRUE
MD01,Mộ đôi - KT:1870x1470x2190mm,Bán chạy,Trường Tồn,Mộ,ngôi,KT:D1870xR1470xC2190mm,1870,1470,2190,,1.55,4.650,72941000,95735000,105794000,219385000,"Đế mộ ghép 4 khối 
Nắp mộ liền khối",115635000,82059000,TRUE
MD45,Mộ đơn,,An Tâm,Mộ,ngôi,KT: 970x1570mm,1570,970,1570,,0.7,2.100,29867000,39200000,44265000,94706000,,48382000,33600000,TRUE
MD46,Mộ đơn,,Trường Tồn,Mộ,ngôi,KT: 1270x2250mm,2250,1270,2250,,1.3,3.900,61176000,80294000,88730000,184000000,,96984000,68824000,TRUE
MD47,Mộ đơn,,An Tâm,Mộ,ngôi,KT: 970x1550mm,1550,970,1550,,0.7,2.100,29867000,39200000,44265000,94706000,,48382000,33600000,TRUE
MD48,Mộ đơn,,An Tâm,Mộ,ngôi,KT: 970x1470mm,1470,970,1470,,0.5,1.500,21333000,28000000,31618000,67647000,,34559000,24000000,TRUE
MD49,Mộ đơn,,An Tâm,Mộ,ngôi,KT: 970x1550mm,1550,970,1550,,0.8,2.400,34133000,44800000,50588000,108235000,,55294000,38400000,TRUE
MD50,Mộ lục giác,,An Tâm,Mộ,ngôi,KT: 1270mm,1270,,,,0.58,1.740,24747000,32480000,36676000,78471000,,40088000,27840000,TRUE
MD51,Mộ đơn,,Trường Tồn,Mộ,ngôi,KT: 1970x970mm,1970,970,,,0.9,2.700,42353000,55588000,61429000,127385000,,67143000,47647000,TRUE
MD52,Mộ đơn,,Trường Tồn,Mộ,ngôi,KT: 2550x1270mm,2550,1270,,,1.3,3.900,61176000,80294000,88730000,184000000,,96984000,68824000,TRUE
MD53,mộ mái,,An Tâm,Mộ,,,,,,,,0.000,0,0,0,0,,0,0,TRUE
MD57,mộ công giáo,,An Tâm,Mộ,,,,,,,0.6,1.800,25600000,33600000,37941000,81176000,,41471000,28800000,TRUE
MD59,Mộ đơn,,An Tâm,Mộ,ngôi,KT: 1270x810mm,1270,810,810,,,0.000,0,0,0,0,,0,0,TRUE
MD60,Mộ đơn,,An Tâm,Mộ,ngôi,KT: 1470x890mm,1470,890,,,,0.000,0,0,0,0,,0,0,TRUE
MD61,Mộ đơn,,Trường Tồn,Mộ,ngôi,KT: 1470x890mm,1470,890,,,,0.000,0,0,0,0,,0,0,TRUE
MD62,Mộ đơn,,Trường Tồn,Mộ,ngôi,KT: 1470x890mm,1470,890,,,,0.000,0,0,0,0,,0,0,TRUE
MD63,Mộ đơn,,Trường Tồn,Mộ,ngôi,KT: 1270x810mm,1270,810,810,,,0.000,0,0,0,0,,0,0,TRUE
MD64,Mộ đơn,,An Tâm,Mộ,ngôi,KT: 2290x1270mm,2290,1270,,,0.71,2.130,30293000,39760000,44897000,96059000,,49074000,34080000,TRUE
MD65,Mộ đơn,,Trường Tồn,Mộ,,KT: 1470x890mm,1470,890,,,,0.000,0,0,0,0,,0,0,TRUE
MD66,Mộ đơn,,Trường Tồn,Mộ,ngôi,KT: 1170x790mm,1170,790,790,,,0.000,0,0,0,0,,0,0,TRUE
MD67,Mộ mái vòm,,Trường Tồn,Mộ,ngôi,KT: 1270x810mm,1270,810,810,,,0.000,0,0,0,0,,0,0,TRUE
MD68,Mộ đơn,,Trường Tồn,Mộ,ngôi,KT: 1470x890mm,1470,890,,,,0.000,0,0,0,0,,0,0,TRUE
MD69,Mộ tam cấp mái vòm,,Trường Tồn,Mộ,ngôi,KT: 1470x890mm,1470,890,,,,0.000,0,0,0,0,,0,0,TRUE
MM07,MỘ MÁI,Bán chạy,An Tâm,Mộ,ngôi,KT: D1270xR810xC1860mm,1270,810,1860,,0.657,1.971,28032000,36792000,41546000,88888000,"Đế ghép từ 4 khối 
Nắp mộ liền khối.",45410000,31536000,TRUE
MN02,Mộ ngai - KT: 2350x1270x1545mm,Bán chạy,Trường Tồn,Mộ,ngôi,KT: D2350xR1270xC1545mm,2350,1270,1545,,1.028,3.084,48376000,63494000,70165000,145502000,"Đế mộ ghép 4 khối 
Nắp mộ liền khối",76692000,54424000,TRUE
MN04,Mộ ngai - KT: 1070x610x960mm,Bán chạy,An Tâm,Mộ,ngôi,KT: D1070xR610xC960mm,1070,610,960,,0.212,0.636,9045000,11872000,13406000,28682000,"Đế mộ ghép 4 khối
 Nắp mộ liền khối",14653000,10176000,TRUE
MN07,mộ ngai,,An Tâm,Mộ,,,,,,,0.43,1.290,18347000,24080000,27191000,58176000,,29721000,20640000,TRUE
MN08,mộ ngai,,An Tâm,Mộ,,,,,,,0.43,1.290,18347000,24080000,27191000,58176000,,29721000,20640000,TRUE
MN09,mộ ngai,,An Tâm,Mộ,,,,,,,0.7,2.100,29867000,39200000,44265000,94706000,,48382000,33600000,TRUE
MN10,mộ ngai,,An Tâm,Mộ,,,,,,,0.8,2.400,34133000,44800000,50588000,108235000,,55294000,38400000,TRUE
MT01,Mộ tròn - KT:1470 mm,,Trường Tồn,Mộ,ngôi,KT: DK1470xC1270 mm,1470,,1270,,0.949,2.847,44659000,58615000,64773000,134320000,"Đế, Thân, Nắp ghép 4 khối",70798000,50241000,TRUE
MT03,Mộ tròn - KT:1360mm,Bán chạy,Trường Tồn,Mộ,ngôi,KT: DK1360xC1305 mm,1360,,1305,,1.323,3.969,62259000,81715000,90300000,187255000,liền khối các thớt,98700000,70041000,TRUE
MT05,,,Trường Tồn,Mộ,,,,,,,0.86,2.580,40471000,53118000,58698000,121723000,,64159000,45529000,TRUE
MT07,Mộ tròn - KT:3200mm,,Trường Tồn,Mộ,ngôi,KT: D1270xR810xC890mm,1270,810,890,,3.692,11.076,173741000,228035000,251994000,522560000,"Đế, Thân, Nắp ghép 6 khối",275435000,195459000,TRUE
NQ01,cổng 2 trụ,Bán chạy,Trường Tồn,Cổng,bộ,- Thân cột chính 250x250 - Chiều cao cột chính: 1830mm,,250,1830,,0.27,0.810,12706000,16676000,18429000,38215000,,20143000,14294000,TRUE
NQ02,cổng 2 trụ,Bán chạy,An Tâm,Cổng,bộ,- Thân cột chính 200x200 - Chiều cao cột chính: 1390mm,,200,1390,,0.153,0.459,6528000,8568000,9675000,20700000,,10575000,7344000,TRUE
NQ04,Cổng nhất quan,,An Tâm,Cổng,bộ,Thân cột 200mm Cao 1370mm,,200,1370,,0.4,1.200,17067000,22400000,25294000,54118000,,27647000,19200000,TRUE
TP01,Trấn phong,,An Tâm,Cuốn thư,bộ,KT: 1550x1270mm,,,,,0.4,1.200,17067000,22400000,25294000,54118000,,27647000,19200000,TRUE
TP02,Trấn phong,,An Tâm,Cuốn thư,bộ,KT: 1550x1270mm,,,,,0.4,1.200,17067000,22400000,25294000,54118000,,27647000,19200000,TRUE
TP08,Cuốn thư 1470,,Trường Tồn,Cuốn thư,bộ,Thân cuốn thư: 1350x740x150 mm Đế cuốn thư: 1470x300x230mm,,,,,0.251,0.753,11812000,15503000,17132000,35526000,,18725000,13288000,TRUE
TP11,Cuốn thư 1350,,Trường Tồn,Cuốn thư,bộ,Thân cuốn thư: 1180x900x150 mm Đế cuốn thư: 1350x220x300mm,,,,,0.3,0.900,14118000,18529000,20476000,42462000,,22381000,15882000,TRUE
TQ01,Cổng tứ trụ,Bán chạy,An Tâm,Cổng,bộ,- Thân cột chính: 250x250mm - Thân cột phụ: 200x200mm - Đế cột chính: 350x350mm - Đế cột phụ: 300x300mm - Chiều cao cột chính: 1860mm,,,1860,,0.57,1.710,24320000,31920000,36044000,77118000,,39397000,27360000,TRUE
TQ02,Cổng tứ trụ,Bán chạy,Trường Tồn,Cổng,bộ,- Thân cột chính: 300x300mm - Thân cột phụ: 250x250mm - Đế cột chính:400x400mm - Đế cột phụ: 350x350mm - Chiều cao cột chính: 2600mm,,,2600,,1.06,3.180,49882000,65471000,72349000,150031000,,79079000,56118000,TRUE
TQ03,Cổng tứ trụ mái,,Trường Tồn,Cổng,bộ,- Thân cột chính: 300x300mm - Thân cột phụ: 250x250mm - Đế cột chính:400x400mm - Đế cột phụ: 350x350mm - Chiều cao cột chính: 2380mm,,,2380,,2,6.000,94118000,123529000,136508000,283077000,,149206000,105882000,TRUE
TQ04,Cổng tứ trụ,,Trường Tồn,Cổng,bộ,- Thân cột chính: 300x300mm - Thân cột phụ: 250x250mm - Đế cột chính:360x360mm - Đế cột phụ: 310x310mm - Chiều cao cột chính: 2360mm,,,2360,,0.785,2.355,36941000,48485000,53579000,111108000,,58563000,41559000,TRUE
TQ08,Cổng tứ trụ,Bán chạy,Trường Tồn,Cổng,bộ,- Thân cột chính: 400x400mm - Thân cột phụ: 350x350mm - Đế cột chính:540x540mm - Đế cột phụ: 470x470mm - Chiều cao cột chính: 2380mm,,,2380,,1.565,4.695,73647000,96662000,106817000,221508000,,116754000,82853000,TRUE
TS07,TAM SƠN,,Trường Tồn,Tam sơn,bộ,KT: D3600xC2150mm,3600,2150,2150,,1.006,3.018,47341000,62135000,68663000,142388000,,75051000,53259000,TRUE
TS08,TAM SƠN,,Trường Tồn,Tam sơn,bộ,KT: 3400x2020mm,3400,2020,,,0.82,2.460,38588000,50647000,55968000,116062000,,61175000,43412000,TRUE
